responsibility.buckets,successRate
"(0,1]",0.924825175
"(1,2]",0.917309813
"(2,3]",0.893303607
"(3,4]",0.864011539
"(4,5]",0.805575935
"(5,6]",0.753496943
"(6,7]",0.69822131
"(7,8]",0.643893095
"(8,9]",0.601834862
"(9,10]",0.566166968
"(10,11]",0.526757255
"(11,12]",0.506723586
"(12,13]",0.486446671
"(13,14]",0.471610169
"(14,15]",0.442200557
NA,0
